-- Insert dummy data for Ice Cream Shop POS System

-- Insert vendors
INSERT INTO `Vendor` (`Vendor_ID`, `Vendor_Name`, `Contact_Info`, `Address`)
VALUES
    (1, 'Cream Supplies Inc.', 'creamsupplies@example.com', '123 Supplier Rd'),
    (2, 'Sweet Treats Distributors', 'sweettreats@example.com', '456 Sugar Ln'),
    (3, 'Cone & Cup Co.', 'coneandcup@example.com', '789 Container Blvd');

INSERT INTO `VendorInvoice` (`Invoice_ID`, `Vendor_ID`, `Date_Received`, `Payment_Type`, `Total`)
VALUES
    (1, 1, '2024-01-01', 'Credit Card', 150.00),
    (2, 2, '2024-01-05', 'Cash', 200.00),
    (3, 3, '2024-01-10', 'Debit Card', 175.00),
    (4, 1, '2024-01-15', 'Credit Card', 160.00),
    (5, 2, '2024-01-20', 'Cash', 220.00),
    (6, 3, '2024-01-25', 'Credit Card', 180.00),
    (7, 1, '2024-02-01', 'Cash', 210.00),
    (8, 2, '2024-02-05', 'Credit Card', 230.00),
    (9, 3, '2024-02-10', 'Debit Card', 190.00),
    (10, 1, '2024-02-15', 'Credit Card', 170.00),
    (11, 2, '2024-02-20', 'Cash', 250.00),
    (12, 3, '2024-02-25', 'Debit Card', 185.00),
    (13, 1, '2024-03-01', 'Credit Card', 240.00),
    (14, 2, '2024-03-05', 'Debit Card', 200.00),
    (15, 3, '2024-03-10', 'Cash', 160.00),
    (16, 1, '2024-03-15', 'Credit Card', 190.00),
    (17, 2, '2024-03-20', 'Cash', 210.00),
    (18, 3, '2024-03-25', 'Credit Card', 220.00),
    (19, 1, '2024-04-01', 'Debit Card', 175.00),
    (20, 2, '2024-04-05', 'Cash', 185.00);


-- Insert items
INSERT INTO `Item` (`Item_ID`, `Item_Name`, `Unit_Price`)
VALUES
    (101, 'Vanilla', 2.50),
    (102, 'Chocolate', 2.75),
    (103, 'Strawberry', 2.50),
    (104, 'Mint Chocolate Chip', 3.00),
    (105, 'Cookies and Cream', 2.80),
    (106, 'Pistachio', 3.20),
    (107, 'Rocky Road', 3.00),
    (108, 'Butter Pecan', 2.90),
    (109, 'Coffee', 2.60),
    (110, 'Salted Caramel', 3.10),
    (111, 'Cookie Dough', 3.25),
    (112, 'Chocolate Chips', 0.50),
    (113, 'Sprinkles', 0.40),
    (114, 'Caramel Sauce', 0.60),
    (115, 'Crushed Oreos', 0.70),
    (116, 'Gummy Bears', 0.60),
    (117, 'Whipped Cream', 0.50),
    (118, 'Chopped Peanuts', 0.60),
    (119, 'Marshmallow Fluff', 0.70),
    (120, 'Hot Fudge', 0.80),
    (121, 'Graham Cracker Crumbs', 0.55),
    (201, 'Small Cup', 0.10),
    (202, 'Medium Cup', 0.15),
    (203, 'Large Cup', 0.20),
    (204, 'Small Cone', 0.12),
    (205, 'Medium Cone', 0.18),
    (206, 'Large Cone', 0.25),
    (207, 'Plastic Spoon', 0.05),
    (208, 'Napkin', 0.02),
    (209, 'Straw', 0.03),
    (210, 'Plastic Bowl', 0.30);

-- Insert flavors
INSERT INTO `Food_Item` (`Item_ID`, `Name`, `Calories`, `Protein`, `Sugar`, `Total_Carbs`, `Total_Fat`, `Intro_Date`, `Discontinue_Date`, `Last_Updated_Date`, `Invoice_ID`)
VALUES
    (101, 'Vanilla', 200, 3.5, 20, 28, 10, '2024-01-01', NULL, '2024-01-15', 1),
    (102, 'Chocolate', 210, 4.0, 25, 30, 12, '2024-01-01', NULL, '2024-01-15', 1),
    (103, 'Strawberry', 190, 3.0, 18, 25, 9, '2024-01-01', NULL, '2024-01-15', 2),
    (104, 'Mint Chocolate Chip', 250, 5.0, 30, 35, 15, '2024-01-01', NULL, '2024-01-15', 3),
    (105, 'Cookies and Cream', 180, 2.5, 15, 22, 8, '2024-01-01', NULL, '2024-01-15', 3),
    (106, 'Pistachio', 230, 4.5, 28, 32, 13, '2024-01-01', NULL, '2024-01-15', 1),
    (107, 'Rocky Road', 240, 4.8, 29, 33, 14, '2024-01-01', NULL, '2024-01-15', 2),
    (108, 'Butter Pecan', 210, 4.2, 24, 30, 11, '2024-01-01', NULL, '2024-01-15', 2),
    (109, 'Coffee', 190, 3.6, 21, 26, 10, '2024-01-01', NULL, '2024-01-15', 3),
    (110, 'Salted Caramel', 200, 3.9, 23, 28, 10, '2024-01-01', NULL, '2024-01-15', 1),
    (111, 'Cookie Dough', 220, 4.1, 26, 31, 12, '2024-01-01', NULL, '2024-01-15', 2),
    (112, 'Chocolate Chips', 50, 0.5, 10, 12, 3, '2024-01-15', NULL, '2024-01-20', 3),
    (113, 'Sprinkles', 60, 0.0, 14, 15, 4, '2024-01-15', NULL, '2024-01-20', 2),
    (114, 'Caramel Sauce', 80, 0.2, 18, 20, 5, '2024-01-15', NULL, '2024-01-20', 1),
    (115, 'Crushed Oreos', 100, 1.0, 12, 16, 6, '2024-01-15', NULL, '2024-01-20', 3),
    (116, 'Gummy Bears', 70, 0.0, 19, 22, 5, '2024-01-15', NULL, '2024-01-20', 2),
    (117, 'Whipped Cream', 45, 0.3, 5, 7, 3, '2024-01-15', NULL, '2024-01-20', 1),
    (118, 'Chopped Peanuts', 90, 4.0, 2, 5, 7, '2024-01-15', NULL, '2024-01-20', 3),
    (119, 'Marshmallow Fluff', 110, 0.1, 22, 25, 8, '2024-01-15', NULL, '2024-01-20', 2),
    (120, 'Hot Fudge', 130, 1.5, 20, 24, 9, '2024-01-15', NULL, '2024-01-20', 1),
    (121, 'Graham Cracker Crumbs', 55, 1.0, 8, 10, 3, '2024-01-15', NULL, '2024-01-20', 3);

-- Insert supplies items (e.g., cups, cones, spoons)
INSERT INTO `Supplies_Item` (`Item_ID`, `Name`, `Type_ID`, `Size`, `Price`, `Reorder_Trigger`, `Quantity`, `Invoice_ID`)
VALUES
    (201, 'Small Cup', 1, 'S', 0.10, 50, 100, 1),
    (202, 'Medium Cup', 1, 'M', 0.15, 50, 100, 1),
    (203, 'Large Cup', 1, 'L', 0.20, 50, 100, 2),
    (204, 'Small Cone', 2, 'S', 0.12, 50, 100, 3),
    (205, 'Medium Cone', 2, 'M', 0.18, 50, 100, 3),
    (206, 'Large Cone', 2, 'L', 0.25, 50, 100, 2),
    (207, 'Plastic Spoon', 3, NULL, 0.05, 100, 500, 1),
    (208, 'Napkin', 3, NULL, 0.02, 200, 1000, 1),
    (209, 'Straw', 3, NULL, 0.03, 150, 500, 2),
    (210, 'Plastic Bowl', 1, 'M', 0.30, 50, 100, 3);

-- Insert employees
INSERT INTO `Employee` (`Employee_ID`, `First_Name`, `Last_Name`, `Shift`, `Length_of_Employment`)
VALUES
    (301, 'Alice', 'Smith', '2024-10-01 09:00:00', 2),
    (302, 'Bob', 'Johnson', '2024-10-01 10:00:00', 3),
    (303, 'Charlie', 'Williams', '2024-10-01 11:00:00', 1),
    (304, 'Diana', 'Brown', '2024-10-01 12:00:00', 5),
    (305, 'Eve', 'Davis', '2024-10-01 13:00:00', 4),
    (306, 'Frank', 'Miller', '2024-10-01 14:00:00', 2),
    (307, 'Grace', 'Wilson', '2024-10-01 15:00:00', 3),
    (308, 'Hank', 'Moore', '2024-10-01 16:00:00', 1),
    (309, 'Ivy', 'Taylor', '2024-10-01 17:00:00', 6),
    (310, 'Jack', 'Anderson', '2024-10-01 18:00:00', 7);

-- Insert customers
INSERT INTO `Customer` (`Customer_ID`, `Membership_Level`, `Phone_Number`, `Address`, `Account_Creation_Date`, `Member_Length`, `Account_End`, `Current_Discount_Points`, `Discount_Points_Used`, `Total_Accrued_Discount_Points`)
VALUES
    (401, 'Gold', '1234567890', '123 Main St', '2024-01-01', 12, NULL, 100, 20, 120),
    (402, 'Silver', '2345678901', '456 Oak St', '2024-02-01', 10, NULL, 80, 10, 90),
    (403, 'Bronze', '3456789012', '789 Pine St', '2024-03-01', 8, NULL, 50, 5, 55),
    (404, 'Gold', '4567890123', '101 Maple St', '2024-04-01', 14, NULL, 110, 30, 140),
    (405, 'Silver', '5678901234', '202 Birch St', '2024-05-01', 9, NULL, 70, 15, 85),
    (406, 'Bronze', '6789012345', '303 Cedar St', '2024-06-01', 7, NULL, 60, 10, 70),
    (407, 'Gold', '7890123456', '404 Elm St', '2024-07-01', 15, NULL, 120, 25, 145),
    (408, 'Silver', '8901234567', '505 Spruce St', '2024-08-01', 11, NULL, 90, 20, 110),
    (409, 'Bronze', '9012345678', '606 Willow St', '2024-09-01', 6, NULL, 40, 5, 45),
    (410, 'Gold', '0123456789', '707 Ash St', '2024-10-01', 13, NULL, 130, 35, 165),
    (411, 'Silver', '1112223333', '808 Birch St', '2024-11-01', 10, NULL, 85, 15, 100),
    (412, 'Gold', '2223334444', '909 Cedar St', '2024-12-01', 12, NULL, 140, 40, 180),
    (413, 'Bronze', '3334445555', '1010 Oak St', '2025-01-01', 5, NULL, 30, 10, 40),
    (414, 'Silver', '4445556666', '1111 Pine St', '2025-02-01', 8, NULL, 60, 20, 80),
    (415, 'Gold', '5556667777', '1212 Spruce St', '2025-03-01', 14, NULL, 150, 50, 200),
    (416, 'Bronze', '6667778888', '1313 Maple St', '2025-04-01', 7, NULL, 55, 10, 65),
    (417, 'Silver', '7778889999', '1414 Cedar St', '2025-05-01', 9, NULL, 75, 20, 95),
    (418, 'Gold', '8889990000', '1515 Oak St', '2025-06-01', 13, NULL, 135, 40, 175),
    (419, 'Silver', '9990001111', '1616 Pine St', '2025-07-01', 11, NULL, 95, 25, 120),
    (420, 'Bronze', '0001112222', '1717 Spruce St', '2025-08-01', 6, NULL, 45, 5, 50),
    (421, 'Gold', '1112223334', '1818 Elm St', '2025-09-01', 15, NULL, 145, 50, 195),
    (422, 'Silver', '2223334445', '1919 Birch St', '2025-10-01', 10, NULL, 85, 15, 100),
    (423, 'Gold', '3334445556', '2020 Maple St', '2025-11-01', 12, NULL, 155, 45, 200),
    (424, 'Bronze', '4445556667', '2121 Oak St', '2025-12-01', 5, NULL, 35, 10, 45),
    (425, 'Silver', '5556667778', '2222 Pine St', '2026-01-01', 8, NULL, 65, 20, 85),
    (426, 'Gold', '6667778889', '2323 Spruce St', '2026-02-01', 14, NULL, 160, 55, 215),
    (427, 'Bronze', '7778889990', '2424 Elm St', '2026-03-01', 6, NULL, 50, 5, 55),
    (428, 'Silver', '8889990001', '2525 Cedar St', '2026-04-01', 9, NULL, 75, 25, 100),
    (429, 'Gold', '9990001112', '2626 Willow St', '2026-05-01', 13, NULL, 135, 40, 175),
    (430, 'Bronze', '0001112223', '2727 Ash St', '2026-06-01', 7, NULL, 60, 10, 70);

INSERT INTO `Promotions` (`Promotion_ID`, `Promotion_Type`, `Discount_Percentage`, `Discount_Amount`, `Start_Date`, `End_Date`, `Description`, `Points_Cost`, `Item_ID`)
VALUES
    (1, 'Holiday Discount', 10, NULL, '2024-12-20', '2024-12-27', 'Christmas Holiday Special', 0, 101), -- Vanilla
    (2, 'Sports Event', 15, NULL, '2024-02-05', '2024-02-12', 'Super Bowl Special', 0, 102), -- Chocolate
    (3, 'Buy 1 Get 1 Free', 100, NULL, '2024-07-01', '2024-07-04', 'Independence Day BOGO', 0, 104), -- Mint Chocolate Chip
    (4, 'Back to School', 5, NULL, '2024-08-15', '2024-08-31', 'Back to School Discount', 0, 113), -- Sprinkles
    (5, 'Summer Special', 20, NULL, '2024-06-01', '2024-08-31', 'Cool Down with Ice Cream', 0, 105), -- Cookies and Cream
    (6, 'Valentine''s Day', 10, NULL, '2024-02-10', '2024-02-15', 'Valentine''s Day Sweet Deal', 0, 110), -- Salted Caramel
    (7, 'Loyalty Reward', 10, NULL, '2024-01-01', '2024-12-31', 'Gold Member Loyalty Discount', 50, 114), -- Caramel Sauce
    (8, 'Teacher Appreciation', 10, NULL, '2024-05-01', '2024-05-07', 'Teacher Appreciation Week', 0, 115), -- Crushed Oreos
    (9, 'Halloween Special', 15, NULL, '2024-10-25', '2024-11-01', 'Halloween Candy Topping Special', 0, 116), -- Gummy Bears
    (10, 'Weekend Deal', 5, NULL, '2024-10-01', '2024-10-31', 'October Weekend Special', 0, 203); -- Large Cup



-- Insert transactions
INSERT INTO `Transaction` (`Transaction_ID`, `Customer_ID`, `Employee_ID`, `Total_Price`, `Date`, `Payment_Type`, `Promotion_ID`, `Discount_Percentage`, `Discount_Amount`)
VALUES
    (501, 401, 301, 6.55, '2024-10-01 10:00:00', 'Credit Card', 1, 10, 0.65),
    (502, 402, 302, 3.08, '2024-10-02 11:00:00', 'Cash', 2, 5, 0.15),
    (503, 403, 303, 3.82, '2024-10-03 12:00:00', 'Credit Card', 1, 10, 0.38),
    (504, 404, 304, 7.14, '2024-10-04 13:00:00', 'Debit Card', 3, 15, 1.26),
    (505, 405, 305, 4.97, '2024-10-05 14:00:00', 'Credit Card', 2, 5, 0.25),
    (506, 406, 306, 5.37, '2024-10-06 15:00:00', 'Cash', 1, 10, 0.60),
    (507, 407, 307, 7.18, '2024-10-07 16:00:00', 'Debit Card', 3, 15, 1.12),
    (508, 408, 308, 5.51, '2024-10-08 17:00:00', 'Credit Card', 1, 10, 0.55),
    (509, 409, 309, 4.40, '2024-10-09 18:00:00', 'Cash', 2, 5, 0.20),
    (510, 410, 310, 7.70, '2024-10-10 19:00:00', 'Credit Card', 3, 15, 1.30),
    (511, 411, 301, 5.45, '2024-10-11 10:30:00', 'Credit Card', 1, 5, 0.27),
    (512, 412, 302, 8.20, '2024-10-12 11:45:00', 'Debit Card', 2, 15, 1.23),
    (513, 413, 303, 7.60, '2024-10-13 12:20:00', 'Cash', NULL, 0, 0.00),
    (514, 414, 304, 6.40, '2024-10-14 14:00:00', 'Credit Card', 3, 10, 0.64),
    (515, 415, 305, 4.90, '2024-10-15 15:30:00', 'Cash', 2, 5, 0.25);

-- Insert transaction items
INSERT INTO `Transaction_Item` (`Transaction_ID`, `Item_ID`, `Quantity_Sold`)
VALUES
    (501, 101, 2),
    (501, 113, 1),
    (501, 202, 1),
    (502, 102, 1),
    (502, 207, 1),
    (503, 103, 1),
    (503, 115, 1),
    (503, 204, 1),
    (504, 105, 2),
    (504, 116, 1),
    (504, 203, 1),
    (505, 106, 1),
    (505, 117, 1),
    (505, 201, 1),
    (506, 107, 1),
    (506, 112, 1),
    (506, 202, 1),
    (507, 108, 2),
    (507, 118, 1),
    (507, 205, 1),
    (508, 109, 1),
    (508, 114, 1),
    (508, 206, 1),
    (509, 110, 1),
    (509, 119, 1),
    (509, 204, 1),
    (510, 111, 2),
    (510, 120, 1),
    (510, 203, 1),
    (511, 101, 1),
    (511, 113, 1),
    (511, 201, 1),
    (512, 102, 3),
    (512, 115, 1),
    (512, 205, 1),
    (513, 103, 2),
    (513, 114, 1),
    (513, 202, 1),
    (514, 104, 1),
    (514, 112, 1),
    (514, 207, 1),
    (515, 105, 1),
    (515, 117, 1),
    (515, 204, 1);

-- Insert promotions





-- Insert retail price history records for each item
INSERT INTO `Retail_Price_History` (`Price_History_ID`, `Item_ID`, `Retail_Price`, `Start_Date`, `End_Date`)
VALUES
    (1, 101, 2.30, '2019-10-01', '2022-06-15'),
    (2, 101, 2.50, '2022-06-16', '2024-10-18'),
    (3, 102, 2.50, '2019-10-01', '2021-11-25'),
    (4, 102, 2.75, '2021-11-26', '2024-10-18'),
    (5, 103, 2.40, '2019-10-01', '2023-02-10'),
    (6, 103, 2.50, '2023-02-11', '2024-10-18'),
    (7, 104, 2.80, '2019-10-01', '2022-09-30'),
    (8, 104, 3.00, '2022-10-01', '2024-10-18'),
    (9, 105, 2.60, '2019-10-01', '2022-01-20'),
    (10, 105, 2.80, '2022-01-21', '2024-10-18'),
    (11, 106, 3.00, '2019-10-01', '2022-12-15'),
    (12, 106, 3.20, '2022-12-16', '2024-10-18'),
    (13, 107, 2.90, '2019-10-01', '2021-05-18'),
    (14, 107, 3.00, '2021-05-19', '2024-10-18'),
    (15, 108, 2.70, '2019-10-01', '2023-01-05'),
    (16, 108, 2.90, '2023-01-06', '2024-10-18'),
    (17, 109, 2.40, '2019-10-01', '2022-03-22'),
    (18, 109, 2.60, '2022-03-23', '2024-10-18'),
    (19, 110, 2.80, '2019-10-01', '2021-08-12'),
    (20, 110, 3.10, '2021-08-13', '2024-10-18'),
    (21, 111, 3.00, '2019-10-01', '2023-04-15'),
    (22, 111, 3.25, '2023-04-16', '2024-10-18'),
    (23, 112, 0.45, '2019-10-01', '2022-11-30'),
    (24, 112, 0.50, '2022-12-01', '2024-10-18'),
    (25, 113, 0.35, '2019-10-01', '2021-02-28'),
    (26, 113, 0.40, '2021-03-01', '2024-10-18'),
    (27, 114, 0.55, '2019-10-01', '2022-06-30'),
    (28, 114, 0.60, '2022-07-01', '2024-10-18'),
    (29, 115, 0.60, '2019-10-01', '2023-03-10'),
    (30, 115, 0.70, '2023-03-11', '2024-10-18'),
    (31, 116, 0.55, '2019-10-01', '2021-09-14'),
    (32, 116, 0.60, '2021-09-15', '2024-10-18'),
    (33, 117, 0.45, '2019-10-01', '2022-08-01'),
    (34, 117, 0.50, '2022-08-02', '2024-10-18'),
    (35, 118, 0.50, '2019-10-01', '2021-12-11'),
    (36, 118, 0.60, '2021-12-12', '2024-10-18'),
    (37, 119, 0.65, '2019-10-01', '2023-07-20'),
    (38, 119, 0.70, '2023-07-21', '2024-10-18'),
    (39, 120, 0.75, '2019-10-01', '2021-10-05'),
    (40, 120, 0.80, '2021-10-06', '2024-10-18'),
    (41, 121, 0.50, '2019-10-01', '2022-05-15'),
    (42, 121, 0.55, '2022-05-16', '2024-10-18'),
    (43, 201, 0.08, '2019-10-01', '2021-06-30'),
    (44, 201, 0.10, '2021-07-01', '2024-10-18'),
    (45, 202, 0.10, '2019-10-01', '2021-08-15'),
    (46, 202, 0.15, '2021-08-16', '2024-10-18'),
    (47, 203, 0.15, '2019-10-01', '2023-01-01'),
    (48, 203, 0.20, '2023-01-02', '2024-10-18'),
    (49, 204, 0.10, '2019-10-01', '2022-04-20'),
    (50, 204, 0.12, '2022-04-21', '2024-10-18'),
    (51, 205, 0.15, '2019-10-01', '2021-11-10'),
    (52, 205, 0.18, '2021-11-11', '2024-10-18'),
    (53, 206, 0.20, '2019-10-01', '2023-06-01'),
    (54, 206, 0.25, '2023-06-02', '2024-10-18'),
    (55, 207, 0.04, '2019-10-01', '2022-03-15'),
    (56, 207, 0.05, '2022-03-16', '2024-10-18'),
    (57, 208, 0.01, '2019-10-01', '2021-05-05'),
    (58, 208, 0.02, '2021-05-06', '2024-10-18'),
    (59, 209, 0.02, '2019-10-01', '2023-09-10'),
    (60, 209, 0.03, '2023-09-11', '2024-10-18'),
    (61, 210, 0.25, '2019-10-01', '2022-12-31'),
    (62, 210, 0.30, '2023-01-01', '2024-10-18');




    -- Insert Vendor_Price_History entries
INSERT INTO `Vendor_Price_History` (`Vendor_Price_History_ID`, `Item_ID`, `Invoice_ID`, `Vendor_Price`, `Start_Date`, `End_Date`)
VALUES
    (1, 101, 1, 2.10, '2024-01-01', '2024-01-15'),
    (2, 102, 2, 2.25, '2024-01-05', '2024-01-20'),
    (3, 103, 3, 2.00, '2024-01-10', '2024-01-25'),
    (4, 104, 4, 2.80, '2024-01-15', '2024-02-01'),
    (5, 105, 5, 2.75, '2024-01-20', '2024-02-05'),
    (6, 106, 6, 3.10, '2024-01-25', '2024-02-10'),
    (7, 107, 7, 3.00, '2024-02-01', '2024-02-15'),
    (8, 108, 8, 2.90, '2024-02-05', '2024-02-20'),
    (9, 109, 9, 2.50, '2024-02-10', '2024-02-25'),
    (10, 110, 10, 3.05, '2024-02-15', '2024-03-01'),
    (11, 111, 11, 3.20, '2024-02-20', '2024-03-05'),
    (12, 112, 12, 0.48, '2024-02-25', '2024-03-10'),
    (13, 113, 13, 0.38, '2024-03-01', '2024-03-15'),
    (14, 114, 14, 0.55, '2024-03-05', '2024-03-20'),
    (15, 115, 15, 0.65, '2024-03-10', '2024-03-25'),
    (16, 116, 16, 0.58, '2024-03-15', '2024-04-01'),
    (17, 117, 17, 0.52, '2024-03-20', '2024-04-05'),
    (18, 118, 18, 0.56, '2024-03-25', '2024-04-10'),
    (19, 119, 19, 0.68, '2024-04-01', '2024-04-15'),
    (20, 120, 20, 0.78, '2024-04-05', '2024-04-20');

